provincia,municipio,poblacion
pobmun98,10,6820
pobmun98,100,216
pobmun98,1000,372
pobmun98,1001,452
pobmun98,1002,244
pobmun98,1003,56
pobmun98,1004,373
pobmun98,1005,405
pobmun98,1006,222
pobmun98,1007,236
pobmun98,1008,479
pobmun98,1009,2287
pobmun98,101,472
pobmun98,1010,588
pobmun98,1011,84
pobmun98,1012,265
pobmun98,1013,2287
pobmun98,1014,4684
pobmun98,1015,1209
pobmun98,1016,182
pobmun98,1017,1083
pobmun98,1018,162
pobmun98,1019,492
pobmun98,102,31
pobmun98,1020,1239
pobmun98,1021,640
pobmun98,1022,26666
pobmun98,1023,1108
pobmun98,1024,628
pobmun98,1025,74
pobmun98,1026,33
pobmun98,1027,313
pobmun98,1028,421
pobmun98,1029,4124
pobmun98,103,272
pobmun98,1030,3472
pobmun98,1031,949
pobmun98,1032,196
pobmun98,1033,573
pobmun98,1034,349
pobmun98,1035,633
pobmun98,1036,668
pobmun98,1037,537
pobmun98,1038,1366
pobmun98,1039,166
pobmun98,104,286
pobmun98,1040,449
pobmun98,1041,463
pobmun98,1042,2145
pobmun98,1043,2511
pobmun98,1044,92
pobmun98,1046,93
pobmun98,1047,19
pobmun98,1048,584
pobmun98,1049,3502
pobmun98,105,2609
pobmun98,1050,101
pobmun98,1051,251
pobmun98,1052,189
pobmun98,1053,465
pobmun98,1054,392
pobmun98,1055,168
pobmun98,1056,20397
pobmun98,1057,74
pobmun98,1058,318
pobmun98,1059,66
pobmun98,106,623
pobmun98,1060,307
pobmun98,1061,180
pobmun98,1062,21
pobmun98,1063,195
pobmun98,1064,57
pobmun98,1065,90
pobmun98,1066,9339
pobmun98,1067,194
pobmun98,1068,1081
pobmun98,1069,2174
pobmun98,107,105
pobmun98,1070,237
pobmun98,1071,108
pobmun98,1072,2508
pobmun98,1073,997
pobmun98,1074,387
pobmun98,1075,2525
pobmun98,1076,157
pobmun98,1077,338
pobmun98,1078,100
pobmun98,1079,240
pobmun98,108,355
pobmun98,1080,1603
pobmun98,1081,567
pobmun98,1082,179
pobmun98,1084,18
pobmun98,1085,418
pobmun98,1086,815
pobmun98,1087,788
pobmun98,1088,742
pobmun98,1089,21
pobmun98,109,664
pobmun98,1090,248
pobmun98,1091,3893
pobmun98,1092,99
pobmun98,1093,1068
pobmun98,1094,6834
pobmun98,1095,132
pobmun98,1096,801
pobmun98,1097,915
pobmun98,1098,179
pobmun98,1099,887
pobmun98,11,358
pobmun98,110,56
pobmun98,1100,1541
pobmun98,1101,126
pobmun98,1102,50
pobmun98,1103,477
pobmun98,1104,658
pobmun98,1105,2362
pobmun98,1106,555
pobmun98,1107,436
pobmun98,1108,25947
pobmun98,1109,583
pobmun98,111,309
pobmun98,1110,207
pobmun98,1111,1117
pobmun98,1112,85
pobmun98,1113,261
pobmun98,1114,1204
pobmun98,1115,9060
pobmun98,1116,79
pobmun98,1117,663
pobmun98,1118,426
pobmun98,1119,142
pobmun98,112,895
pobmun98,1120,739
pobmun98,1121,1456
pobmun98,1122,243
pobmun98,1123,164
pobmun98,1124,665
pobmun98,1125,184
pobmun98,1126,3227
pobmun98,1127,2669
pobmun98,1128,247
pobmun98,1129,335
pobmun98,113,405
pobmun98,1130,86
pobmun98,1131,274
pobmun98,1132,243
pobmun98,1133,2776
pobmun98,1134,908
pobmun98,1135,564
pobmun98,1136,1438
pobmun98,1137,380
pobmun98,1139,729
pobmun98,114,122
pobmun98,1140,431
pobmun98,1141,491
pobmun98,1142,156
pobmun98,1143,27644
pobmun98,1144,73
pobmun98,1145,365
pobmun98,1146,69
pobmun98,1147,5132
pobmun98,1148,735
pobmun98,1149,145
pobmun98,115,716
pobmun98,1150,476
pobmun98,1151,3010
pobmun98,1152,3771
pobmun98,1153,219
pobmun98,1154,389
pobmun98,1155,156
pobmun98,1156,287
pobmun98,1157,121
pobmun98,1158,142
pobmun98,1159,243
pobmun98,116,9131
pobmun98,1160,97
pobmun98,1161,131
pobmun98,1162,610
pobmun98,1163,535
pobmun98,1164,818
pobmun98,1165,370
pobmun98,1166,519
pobmun98,1167,12067
pobmun98,1168,27
pobmun98,1169,480
pobmun98,117,17812
pobmun98,1170,955
pobmun98,1171,186
pobmun98,1172,190
pobmun98,1173,192
pobmun98,1174,931
pobmun98,1175,17564
pobmun98,1176,193
pobmun98,1177,473
pobmun98,1178,667
pobmun98,1179,417
pobmun98,118,10502
pobmun98,1180,86
pobmun98,1181,14420
pobmun98,1182,43
pobmun98,1183,262
pobmun98,1184,293
pobmun98,1185,217
pobmun98,1186,1560
pobmun98,1187,2948
pobmun98,1188,491
pobmun98,1189,4698
pobmun98,119,31
pobmun98,1190,1238
pobmun98,1191,539
pobmun98,1192,1060
pobmun98,1193,207
pobmun98,1194,85
pobmun98,1195,309
pobmun98,1196,143
pobmun98,1197,307
pobmun98,1198,156
pobmun98,1199,2222
pobmun98,12,86
pobmun98,120,2778
pobmun98,1200,288
pobmun98,1201,118
pobmun98,1202,79745
pobmun98,1203,176
pobmun98,1204,71
pobmun98,1205,249
pobmun98,1206,1076
pobmun98,1207,195
pobmun98,1208,797
pobmun98,1209,251
pobmun98,121,897
pobmun98,1210,6103
pobmun98,1211,384
pobmun98,1212,805
pobmun98,1213,142
pobmun98,1214,531
pobmun98,1215,286
pobmun98,1216,118
pobmun98,1217,76
pobmun98,1218,481
pobmun98,1219,827
pobmun98,122,409
pobmun98,1221,117
pobmun98,1222,1949
pobmun98,1223,590
pobmun98,1224,2549
pobmun98,1225,4125
pobmun98,1226,68
pobmun98,1227,55
pobmun98,1228,2819
pobmun98,1229,299
pobmun98,123,1490
pobmun98,1230,502
pobmun98,1231,1175
pobmun98,1232,478
pobmun98,1233,89034
pobmun98,1234,1723
pobmun98,1235,218
pobmun98,1236,367
pobmun98,1237,287
pobmun98,1238,183
pobmun98,1239,718
pobmun98,124,49
pobmun98,1240,331
pobmun98,1241,1822
pobmun98,1242,81
pobmun98,1243,139
pobmun98,1244,401
pobmun98,1245,524
pobmun98,1246,2664
pobmun98,1247,590
pobmun98,1248,785
pobmun98,1249,972
pobmun98,125,453
pobmun98,1250,589
pobmun98,1251,1425
pobmun98,1252,995
pobmun98,1253,120
pobmun98,1254,134
pobmun98,1255,86
pobmun98,1256,136
pobmun98,1257,1276
pobmun98,1258,78
pobmun98,1259,2736
pobmun98,126,110
pobmun98,1260,299
pobmun98,1261,59
pobmun98,1262,213
pobmun98,1263,3310
pobmun98,1264,877
pobmun98,1265,5265
pobmun98,1266,129
pobmun98,1267,328
pobmun98,1269,486
pobmun98,127,206
pobmun98,1270,653
pobmun98,1271,3171
pobmun98,1272,80
pobmun98,1274,90
pobmun98,1275,94
pobmun98,1276,1513
pobmun98,1277,229
pobmun98,1278,485
pobmun98,1279,301
pobmun98,128,785
pobmun98,1280,56
pobmun98,1281,102
pobmun98,1282,777
pobmun98,1283,83
pobmun98,1284,2344
pobmun98,1285,64
pobmun98,1286,1004
pobmun98,1287,2130
pobmun98,1288,178
pobmun98,1289,415
pobmun98,129,136
pobmun98,1290,719
pobmun98,1291,305
pobmun98,1292,114
pobmun98,1293,945
pobmun98,1294,70
pobmun98,1295,1123
pobmun98,1296,1145
pobmun98,1297,111
pobmun98,1298,316
pobmun98,1299,5068
pobmun98,13,72117
pobmun98,130,26
pobmun98,1300,97
pobmun98,1301,441
pobmun98,1302,581
pobmun98,1303,272
pobmun98,1304,1244
pobmun98,1305,201
pobmun98,1306,370
pobmun98,1307,86
pobmun98,1308,52
pobmun98,1309,319
pobmun98,131,12823
pobmun98,1310,2978
pobmun98,1311,57518
pobmun98,1312,67
pobmun98,1314,96
pobmun98,1315,45
pobmun98,1316,389
pobmun98,1317,253
pobmun98,1318,374
pobmun98,1319,309
pobmun98,132,394
pobmun98,1320,70
pobmun98,1321,491
pobmun98,1322,83
pobmun98,1323,821
pobmun98,1324,363
pobmun98,1325,396
pobmun98,1326,2323
pobmun98,1327,112
pobmun98,1328,1188
pobmun98,1329,254
pobmun98,133,168
pobmun98,1330,154
pobmun98,1331,6215
pobmun98,1332,660
pobmun98,1333,1005
pobmun98,1334,1745
pobmun98,1335,37
pobmun98,1336,30
pobmun98,1337,558
pobmun98,1338,961
pobmun98,1339,3294
pobmun98,134,2199
pobmun98,1340,3283
pobmun98,1341,148
pobmun98,1342,251
pobmun98,1343,261
pobmun98,1344,1942
pobmun98,1345,190
pobmun98,1346,252
pobmun98,1347,1480
pobmun98,1348,1037
pobmun98,1349,269
pobmun98,135,299
pobmun98,1350,10758
pobmun98,1351,403
pobmun98,1352,450
pobmun98,1353,107
pobmun98,1354,166
pobmun98,1355,930
pobmun98,1356,107
pobmun98,1357,5374
pobmun98,1358,153
pobmun98,1359,383
pobmun98,136,4537
pobmun98,1360,6988
pobmun98,1361,860
pobmun98,1362,10976
pobmun98,1363,2144
pobmun98,1364,206
pobmun98,1365,211
pobmun98,1366,289
pobmun98,1367,83
pobmun98,1368,520
pobmun98,1369,282
pobmun98,137,14628
pobmun98,1370,9477
pobmun98,1371,3383
pobmun98,1372,198
pobmun98,1373,307
pobmun98,1374,264
pobmun98,1375,28
pobmun98,1376,2007
pobmun98,1377,1387
pobmun98,1378,1359
pobmun98,1379,357
pobmun98,138,117
pobmun98,1380,448
pobmun98,1381,352
pobmun98,1382,1582
pobmun98,1383,53
pobmun98,1384,3226
pobmun98,1385,390
pobmun98,1386,2662
pobmun98,1387,1590
pobmun98,1388,115
pobmun98,1389,214
pobmun98,139,98649
pobmun98,1390,1320
pobmun98,1391,26
pobmun98,1392,100
pobmun98,1393,279
pobmun98,1394,1495
pobmun98,1395,288
pobmun98,1396,498
pobmun98,1397,2568
pobmun98,1398,5362
pobmun98,1399,381
pobmun98,14,87
pobmun98,140,151
pobmun98,1400,181
pobmun98,1401,1972
pobmun98,1402,70
pobmun98,1403,164
pobmun98,1404,782
pobmun98,1405,23
pobmun98,1406,313
pobmun98,1407,137
pobmun98,1408,195
pobmun98,1409,1235
pobmun98,141,15951
pobmun98,1410,1148
pobmun98,1411,6580
pobmun98,1412,121
pobmun98,1413,210
pobmun98,1414,527
pobmun98,1415,207
pobmun98,1416,1353
pobmun98,1417,117
pobmun98,1418,137
pobmun98,1419,559
pobmun98,142,3049
pobmun98,1420,239
pobmun98,1421,9389
pobmun98,1422,57
pobmun98,1423,1403
pobmun98,1424,1103
pobmun98,1425,87
pobmun98,1426,2183
pobmun98,1427,99
pobmun98,1428,25
pobmun98,1429,260
pobmun98,143,82
pobmun98,1430,4754
pobmun98,1431,171
pobmun98,1432,137
pobmun98,1433,33
pobmun98,1434,481
pobmun98,1435,354
pobmun98,1436,211
pobmun98,1437,1313
pobmun98,1438,861
pobmun98,1439,73
pobmun98,144,1076
pobmun98,1440,172
pobmun98,1441,119
pobmun98,1442,1006
pobmun98,1443,41
pobmun98,1444,1091
pobmun98,1445,950
pobmun98,1446,22
pobmun98,1447,290
pobmun98,1448,573
pobmun98,1449,491
pobmun98,145,121
pobmun98,1450,2125
pobmun98,1451,197
pobmun98,1452,1478
pobmun98,1453,312
pobmun98,1454,817
pobmun98,1455,2580
pobmun98,1456,422
pobmun98,1457,3949
pobmun98,1458,24878
pobmun98,1459,1478
pobmun98,146,3296
pobmun98,1460,31
pobmun98,1461,1878
pobmun98,1462,289
pobmun98,1463,1686
pobmun98,1465,276
pobmun98,1466,480
pobmun98,1467,231
pobmun98,1468,174
pobmun98,1469,264
pobmun98,147,199
pobmun98,1471,600
pobmun98,1472,468
pobmun98,1473,194
pobmun98,1474,493
pobmun98,1475,1063
pobmun98,1476,631
pobmun98,1477,15800
pobmun98,1478,66
pobmun98,1479,10953
pobmun98,148,75
pobmun98,1480,518
pobmun98,1481,425
pobmun98,1482,112795
pobmun98,1483,1003
pobmun98,1484,376
pobmun98,1485,1257
pobmun98,1486,15
pobmun98,1487,143
pobmun98,1488,253
pobmun98,1489,666
pobmun98,149,4608
pobmun98,1490,146
pobmun98,1491,603
pobmun98,1492,39
pobmun98,1493,913
pobmun98,1494,23
pobmun98,1495,936
pobmun98,1496,462
pobmun98,1497,821
pobmun98,1498,390
pobmun98,1499,408
pobmun98,15,2155
pobmun98,150,402
pobmun98,1500,117
pobmun98,1501,1489
pobmun98,1503,51
pobmun98,1504,230
pobmun98,1505,458
pobmun98,1506,493
pobmun98,1507,945
pobmun98,1508,1763
pobmun98,1509,2378
pobmun98,151,442
pobmun98,1510,342
pobmun98,1511,792
pobmun98,1512,52
pobmun98,1513,741
pobmun98,1514,932
pobmun98,1515,102
pobmun98,1516,722
pobmun98,1517,86
pobmun98,1518,191
pobmun98,1519,49
pobmun98,152,589
pobmun98,1520,663
pobmun98,1521,106
pobmun98,1522,803
pobmun98,1523,12022
pobmun98,1524,113
pobmun98,1525,84
pobmun98,1526,756
pobmun98,1527,135
pobmun98,1528,797
pobmun98,1529,2027
pobmun98,153,171
pobmun98,1530,42
pobmun98,1531,2301
pobmun98,1532,268
pobmun98,1533,172
pobmun98,1534,2098
pobmun98,1535,1218
pobmun98,1536,9554
pobmun98,1537,555
pobmun98,1538,266
pobmun98,1539,192
pobmun98,154,131
pobmun98,1540,184
pobmun98,1541,130
pobmun98,1542,1013
pobmun98,1543,47
pobmun98,1544,65
pobmun98,1545,122
pobmun98,1546,381
pobmun98,1547,252
pobmun98,1548,241
pobmun98,1549,685
pobmun98,155,7375
pobmun98,1550,161
pobmun98,1551,1930
pobmun98,1552,399
pobmun98,1553,129
pobmun98,1554,29600
pobmun98,1555,1288
pobmun98,1556,2681
pobmun98,1557,21678
pobmun98,1558,258
pobmun98,1559,1594
pobmun98,156,59
pobmun98,1561,51
pobmun98,1562,69
pobmun98,1563,395
pobmun98,1564,255
pobmun98,1565,4440
pobmun98,1566,311
pobmun98,1567,5208
pobmun98,1568,2228
pobmun98,1569,447
pobmun98,157,48107
pobmun98,1570,641
pobmun98,1571,1616
pobmun98,1572,479
pobmun98,1573,499
pobmun98,1574,3686
pobmun98,1575,49
pobmun98,1576,143
pobmun98,1577,33
pobmun98,1578,74
pobmun98,1579,238
pobmun98,158,43
pobmun98,1580,1000
pobmun98,1581,33
pobmun98,1582,428
pobmun98,1583,147
pobmun98,1584,1378
pobmun98,1585,317
pobmun98,1586,1066
pobmun98,1587,2478
pobmun98,1588,326
pobmun98,1589,105
pobmun98,159,5497
pobmun98,1590,103
pobmun98,1591,1012
pobmun98,1592,132
pobmun98,1593,24140
pobmun98,1594,205
pobmun98,1595,695
pobmun98,1596,49
pobmun98,1597,56
pobmun98,1598,329
pobmun98,1599,1027
pobmun98,16,189
pobmun98,160,4690
pobmun98,1600,365
pobmun98,1601,695
pobmun98,1602,84
pobmun98,1603,641
pobmun98,1604,918
pobmun98,1605,2935
pobmun98,1606,1058
pobmun98,1607,2425
pobmun98,1608,202
pobmun98,1609,17850
pobmun98,161,43
pobmun98,1610,3038
pobmun98,1611,3866
pobmun98,1612,157
pobmun98,1613,20098
pobmun98,1614,1341
pobmun98,1615,73
pobmun98,1616,1137
pobmun98,1617,191
pobmun98,1618,745
pobmun98,1619,907
pobmun98,162,682
pobmun98,1620,576
pobmun98,1621,177
pobmun98,1622,3361
pobmun98,1623,173
pobmun98,1624,338
pobmun98,1625,108
pobmun98,1626,1075
pobmun98,1627,216
pobmun98,1628,4270
pobmun98,1629,1470
pobmun98,163,392
pobmun98,1630,359
pobmun98,1631,409
pobmun98,1632,9261
pobmun98,1633,868
pobmun98,1634,20002
pobmun98,1635,1351
pobmun98,1636,89
pobmun98,1637,2214
pobmun98,1638,79
pobmun98,1639,185
pobmun98,164,113
pobmun98,1640,12499
pobmun98,1641,269
pobmun98,1642,4873
pobmun98,1643,2093
pobmun98,1644,22
pobmun98,1645,246
pobmun98,1646,569
pobmun98,1647,226
pobmun98,1648,506
pobmun98,1649,172
pobmun98,165,2266
pobmun98,1650,72208
pobmun98,1651,2544
pobmun98,1652,818
pobmun98,1653,7649
pobmun98,1654,135
pobmun98,1655,711
pobmun98,1656,475
pobmun98,1657,211
pobmun98,1658,109
pobmun98,1659,7999
pobmun98,166,61
pobmun98,1660,158
pobmun98,1661,1708
pobmun98,1662,389
pobmun98,1663,2115
pobmun98,1664,388
pobmun98,1665,1205
pobmun98,1666,9163
pobmun98,1667,373
pobmun98,1668,602
pobmun98,1669,56
pobmun98,167,3427
pobmun98,1670,316
pobmun98,1671,463
pobmun98,1672,676
pobmun98,1673,317
pobmun98,1674,3734
pobmun98,1675,471
pobmun98,1676,54
pobmun98,1677,334
pobmun98,1678,385
pobmun98,1679,2062
pobmun98,168,1459
pobmun98,1680,351
pobmun98,1681,210
pobmun98,1682,265
pobmun98,1683,154
pobmun98,1684,39
pobmun98,1685,66989
pobmun98,1686,39
pobmun98,1687,143
pobmun98,1688,1114
pobmun98,1689,79
pobmun98,169,92
pobmun98,1690,527
pobmun98,1691,40348
pobmun98,1692,218
pobmun98,1693,1959
pobmun98,1694,125
pobmun98,1695,587
pobmun98,1696,65
pobmun98,1697,113
pobmun98,1698,282
pobmun98,1699,521
pobmun98,17,627
pobmun98,170,292
pobmun98,1700,142
pobmun98,1701,45
pobmun98,1702,286
pobmun98,1703,551
pobmun98,1704,1008
pobmun98,1705,4237
pobmun98,1706,1661
pobmun98,1707,217
pobmun98,1708,313
pobmun98,1709,670
pobmun98,171,372
pobmun98,1710,111
pobmun98,1711,12498
pobmun98,1712,18404
pobmun98,1713,34
pobmun98,1714,127
pobmun98,1715,284
pobmun98,1716,198
pobmun98,1717,1006
pobmun98,1718,582
pobmun98,1719,1467
pobmun98,172,1460
pobmun98,1720,46
pobmun98,1721,490
pobmun98,1722,894
pobmun98,1723,178
pobmun98,1724,914
pobmun98,1725,317
pobmun98,1726,360
pobmun98,1727,2958
pobmun98,1728,56
pobmun98,1729,396
pobmun98,173,139
pobmun98,1730,9975
pobmun98,1731,223
pobmun98,1732,130
pobmun98,1733,1662
pobmun98,1734,107
pobmun98,1735,171
pobmun98,1736,33882
pobmun98,1737,152
pobmun98,1738,513
pobmun98,1739,821
pobmun98,174,40390
pobmun98,1740,219
pobmun98,1741,212
pobmun98,1742,612
pobmun98,1743,222
pobmun98,1744,279
pobmun98,1745,359
pobmun98,1746,145
pobmun98,1747,172
pobmun98,1748,1258
pobmun98,1749,582
pobmun98,175,135
pobmun98,1750,774
pobmun98,1751,601
pobmun98,1752,187
pobmun98,1753,539
pobmun98,1754,41
pobmun98,1755,194
pobmun98,1756,350
pobmun98,1757,6010
pobmun98,1758,1000
pobmun98,1759,1546
pobmun98,176,16989
pobmun98,1760,318
pobmun98,1761,1204
pobmun98,1762,355
pobmun98,1763,1023
pobmun98,1764,1514
pobmun98,1765,616
pobmun98,1766,144
pobmun98,1767,48
pobmun98,1768,264
pobmun98,1769,1126
pobmun98,177,187
pobmun98,1770,4161
pobmun98,1771,241
pobmun98,1772,659
pobmun98,1773,130
pobmun98,1774,183
pobmun98,1775,407
pobmun98,1776,157
pobmun98,1777,2996
pobmun98,1778,507
pobmun98,1779,445
pobmun98,178,422
pobmun98,1780,94
pobmun98,1781,403
pobmun98,1782,204
pobmun98,1783,149
pobmun98,1784,533
pobmun98,1785,1113
pobmun98,1786,2377
pobmun98,1787,164
pobmun98,1788,1379
pobmun98,1789,211
pobmun98,179,355
pobmun98,1790,753
pobmun98,1792,67
pobmun98,1793,538
pobmun98,1794,455
pobmun98,1795,529
pobmun98,1796,821
pobmun98,1797,356
pobmun98,1799,2748
pobmun98,18,60108
pobmun98,180,857
pobmun98,1800,2355
pobmun98,1801,116
pobmun98,1803,664
pobmun98,1804,465
pobmun98,1805,8594
pobmun98,1806,187
pobmun98,1807,117
pobmun98,1808,172
pobmun98,1809,151
pobmun98,181,122
pobmun98,1810,20577
pobmun98,1811,5166
pobmun98,1812,2650
pobmun98,1813,674
pobmun98,1814,96
pobmun98,1815,534
pobmun98,1816,244
pobmun98,1817,2366
pobmun98,1818,1135
pobmun98,182,955
pobmun98,1820,1354
pobmun98,1821,1563
pobmun98,1822,1411
pobmun98,1823,1136
pobmun98,1825,786
pobmun98,1826,301
pobmun98,1827,305
pobmun98,1828,82
pobmun98,1829,299
pobmun98,183,317
pobmun98,1831,7005
pobmun98,1832,179
pobmun98,1833,251
pobmun98,1834,230
pobmun98,1835,113
pobmun98,1836,155
pobmun98,1837,235
pobmun98,1838,752
pobmun98,1839,483
pobmun98,184,31
pobmun98,1840,52
pobmun98,1841,254
pobmun98,1842,651
pobmun98,1843,235
pobmun98,1844,143
pobmun98,1846,31343
pobmun98,1847,361
pobmun98,1848,1448
pobmun98,1849,114
pobmun98,185,498
pobmun98,1850,1496
pobmun98,1851,2777
pobmun98,1852,40
pobmun98,1853,156
pobmun98,1854,221
pobmun98,1855,117
pobmun98,1856,9352
pobmun98,1857,137
pobmun98,1859,524
pobmun98,186,44
pobmun98,1860,61
pobmun98,1862,17490
pobmun98,1863,53
pobmun98,1864,3139
pobmun98,1867,410
pobmun98,1868,319946
pobmun98,1869,4153
pobmun98,187,113
pobmun98,1870,688
pobmun98,1871,101
pobmun98,1872,328
pobmun98,1873,1643
pobmun98,1874,146
pobmun98,1875,5286
pobmun98,1876,119
pobmun98,1878,1520
pobmun98,1879,85
pobmun98,188,1307
pobmun98,1880,196
pobmun98,1881,2629
pobmun98,1882,33
pobmun98,1884,544
pobmun98,1885,109
pobmun98,1886,189
pobmun98,1887,79
pobmun98,1889,190
pobmun98,189,511
pobmun98,1890,112
pobmun98,1891,85
pobmun98,1892,388
pobmun98,1893,197
pobmun98,1894,466
pobmun98,1895,1087
pobmun98,1897,493
pobmun98,1898,776
pobmun98,1899,2019
pobmun98,19,860
pobmun98,190,6639
pobmun98,1901,46380
pobmun98,1902,58
pobmun98,1903,791
pobmun98,1904,154
pobmun98,1905,113
pobmun98,1906,104
pobmun98,1907,155
pobmun98,1908,656
pobmun98,1909,758
pobmun98,191,90
pobmun98,1910,180
pobmun98,1911,251
pobmun98,1912,1117
pobmun98,1913,422
pobmun98,1914,167
pobmun98,1915,750
pobmun98,1916,699
pobmun98,1918,2085
pobmun98,1919,334
pobmun98,192,1711
pobmun98,1920,3301
pobmun98,1921,300
pobmun98,1923,741
pobmun98,1924,256
pobmun98,1925,158
pobmun98,1926,52
pobmun98,1927,488
pobmun98,1928,244
pobmun98,1929,164
pobmun98,193,10455
pobmun98,1930,289
pobmun98,1931,2848
pobmun98,1932,31
pobmun98,1933,139
pobmun98,1934,726
pobmun98,1935,1404
pobmun98,1936,849
pobmun98,1937,563
pobmun98,1939,8741
pobmun98,194,44
pobmun98,1940,385
pobmun98,1941,97
pobmun98,1942,171
pobmun98,1944,15555
pobmun98,1945,54012
pobmun98,1946,89
pobmun98,1947,304
pobmun98,1948,211
pobmun98,1949,535
pobmun98,195,4113
pobmun98,1950,161
pobmun98,1951,144
pobmun98,1952,330
pobmun98,1953,494
pobmun98,1954,2901
pobmun98,1955,46
pobmun98,1957,1946
pobmun98,1958,1330
pobmun98,1959,326
pobmun98,196,632
pobmun98,1960,228
pobmun98,1961,53
pobmun98,1962,183
pobmun98,1963,17
pobmun98,1964,228
pobmun98,1965,93
pobmun98,1966,56
pobmun98,1967,1598
pobmun98,1968,133
pobmun98,197,94
pobmun98,1970,93
pobmun98,1971,255
pobmun98,1972,1234
pobmun98,1973,2357
pobmun98,1974,104
pobmun98,1976,3031
pobmun98,1977,194
pobmun98,1978,173
pobmun98,1979,131
pobmun98,198,306
pobmun98,1980,56
pobmun98,1982,939
pobmun98,1983,46
pobmun98,1984,300
pobmun98,1985,28
pobmun98,1986,241
pobmun98,1987,126
pobmun98,1988,118
pobmun98,1989,2267
pobmun98,199,100
pobmun98,1990,348
pobmun98,1991,112
pobmun98,1992,1065
pobmun98,1993,345
pobmun98,1995,5191
pobmun98,1996,111
pobmun98,1997,8020
pobmun98,1998,159
pobmun98,1999,61
pobmun98,20,2823
pobmun98,200,5871
pobmun98,2000,76
pobmun98,2001,709
pobmun98,2002,150
pobmun98,2003,60
pobmun98,2004,1292
pobmun98,2005,136
pobmun98,2006,6313
pobmun98,2007,711
pobmun98,2009,2435
pobmun98,201,31
pobmun98,2010,617
pobmun98,2011,504
pobmun98,2012,246
pobmun98,2013,1606
pobmun98,2014,495
pobmun98,2016,80
pobmun98,2017,65
pobmun98,2018,141
pobmun98,2019,25
pobmun98,202,515
pobmun98,2021,10563
pobmun98,2022,140
pobmun98,2023,4016
pobmun98,2024,44
pobmun98,2026,305
pobmun98,2027,42
pobmun98,2028,4381
pobmun98,2029,314
pobmun98,203,407
pobmun98,2031,8
pobmun98,2032,509
pobmun98,2033,117
pobmun98,2034,1990
pobmun98,2035,936
pobmun98,2037,4339
pobmun98,2038,456
pobmun98,2039,194
pobmun98,204,1751
pobmun98,2040,2574
pobmun98,2042,7039
pobmun98,2043,330
pobmun98,2044,803
pobmun98,2045,79
pobmun98,2046,43
pobmun98,2047,109
pobmun98,2048,389
pobmun98,2049,587
pobmun98,205,1204
pobmun98,2050,589
pobmun98,2051,532
pobmun98,2052,3421
pobmun98,2053,100
pobmun98,2055,13930
pobmun98,2056,389
pobmun98,2057,243
pobmun98,2058,102
pobmun98,2059,1002
pobmun98,206,1595
pobmun98,2060,163
pobmun98,2061,19
pobmun98,2062,157
pobmun98,2063,1405
pobmun98,2064,155
pobmun98,2065,283
pobmun98,2066,447
pobmun98,2068,791
pobmun98,2069,197
pobmun98,207,4126
pobmun98,2070,453
pobmun98,2071,162
pobmun98,2072,194
pobmun98,2074,5273
pobmun98,2075,267
pobmun98,2076,2501
pobmun98,2077,58
pobmun98,2078,307
pobmun98,2079,441
pobmun98,208,254
pobmun98,2080,1403
pobmun98,2081,1113
pobmun98,2082,1129
pobmun98,2083,39
pobmun98,2084,28
pobmun98,2085,648
pobmun98,2086,106
pobmun98,2087,204
pobmun98,2088,2208
pobmun98,209,358467
pobmun98,2090,155
pobmun98,2091,1470
pobmun98,2093,2453
pobmun98,2094,1715
pobmun98,2095,324
pobmun98,2096,186
pobmun98,2097,1241
pobmun98,2098,759
pobmun98,2099,58
pobmun98,21,283
pobmun98,210,151
pobmun98,2101,1025
pobmun98,2102,716
pobmun98,2103,502
pobmun98,2104,849
pobmun98,2105,84
pobmun98,2107,372
pobmun98,2108,120
pobmun98,2109,571
pobmun98,211,2163
pobmun98,2110,48
pobmun98,2111,615
pobmun98,2112,370
pobmun98,2114,1790
pobmun98,2115,62
pobmun98,2116,1127
pobmun98,2117,125
pobmun98,2118,52
pobmun98,2119,698
pobmun98,212,43
pobmun98,2120,32
pobmun98,2121,163
pobmun98,2122,106
pobmun98,2123,53
pobmun98,2124,343
pobmun98,2125,566
pobmun98,2126,97
pobmun98,2127,69
pobmun98,2129,1814
pobmun98,213,394
pobmun98,2130,180
pobmun98,2131,173
pobmun98,2132,4026
pobmun98,2133,161
pobmun98,2135,18829
pobmun98,2136,147
pobmun98,2137,4302
pobmun98,2138,46
pobmun98,2139,99
pobmun98,214,24094
pobmun98,2140,11671
pobmun98,2141,310
pobmun98,2142,775
pobmun98,2143,972
pobmun98,2145,980
pobmun98,2146,2168
pobmun98,2147,163
pobmun98,2148,15
pobmun98,215,38
pobmun98,2150,210
pobmun98,2151,25
pobmun98,2153,1584
pobmun98,2154,201
pobmun98,2155,1535
pobmun98,2156,1092
pobmun98,2157,176
pobmun98,2158,320
pobmun98,2159,97
pobmun98,216,1667
pobmun98,2160,29320
pobmun98,2161,251
pobmun98,2162,188
pobmun98,2163,1862
pobmun98,2164,350
pobmun98,2166,4629
pobmun98,2167,493
pobmun98,2168,193
pobmun98,2169,46
pobmun98,217,170
pobmun98,2170,659
pobmun98,2172,1016
pobmun98,2173,12181
pobmun98,2174,408
pobmun98,2175,51
pobmun98,2176,36
pobmun98,2177,114
pobmun98,2178,921
pobmun98,2179,596
pobmun98,218,144
pobmun98,2180,736
pobmun98,2181,107
pobmun98,2182,41
pobmun98,2183,220
pobmun98,2184,957
pobmun98,2185,60
pobmun98,2186,158
pobmun98,2188,1331
pobmun98,2189,170
pobmun98,219,16272
pobmun98,2191,194
pobmun98,2192,856
pobmun98,2194,67
pobmun98,2195,257
pobmun98,2196,9622
pobmun98,2197,44
pobmun98,2198,2025
pobmun98,2199,1633
pobmun98,22,1184
pobmun98,220,274
pobmun98,2200,195
pobmun98,2201,286
pobmun98,2202,268
pobmun98,2203,58
pobmun98,2205,56607
pobmun98,2206,78
pobmun98,2207,861
pobmun98,2208,116
pobmun98,2209,221
pobmun98,221,3081
pobmun98,2210,39
pobmun98,2212,469
pobmun98,2213,79
pobmun98,2214,3636
pobmun98,2215,250
pobmun98,2216,441
pobmun98,2217,347
pobmun98,2218,155
pobmun98,2219,123
pobmun98,222,393
pobmun98,2221,182
pobmun98,2222,539
pobmun98,2223,106
pobmun98,2224,373
pobmun98,2225,2154
pobmun98,2227,358
pobmun98,2228,288
pobmun98,2229,115
pobmun98,223,817
pobmun98,2230,105
pobmun98,2231,1257
pobmun98,2233,8276
pobmun98,2234,252
pobmun98,2235,894
pobmun98,2236,37
pobmun98,2237,111
pobmun98,2238,966
pobmun98,2239,239
pobmun98,224,433
pobmun98,2240,423
pobmun98,2241,229
pobmun98,2242,38
pobmun98,2243,255
pobmun98,2244,136
pobmun98,2246,79
pobmun98,2248,168
pobmun98,2249,29
pobmun98,225,77
pobmun98,2251,479
pobmun98,2252,1538
pobmun98,2253,246
pobmun98,2254,132
pobmun98,2255,179
pobmun98,2256,230
pobmun98,2257,125
pobmun98,2258,3838
pobmun98,2259,1838
pobmun98,226,548
pobmun98,2260,231
pobmun98,2261,1063
pobmun98,2262,249
pobmun98,2264,31
pobmun98,2265,337
pobmun98,2266,615
pobmun98,2267,90
pobmun98,2268,304
pobmun98,2269,374
pobmun98,227,712
pobmun98,2270,920
pobmun98,2271,658
pobmun98,2272,123
pobmun98,2273,166
pobmun98,2274,95
pobmun98,2275,355
pobmun98,2276,72
pobmun98,2277,267
pobmun98,2278,147
pobmun98,228,1973
pobmun98,2280,171
pobmun98,2281,98
pobmun98,2282,595
pobmun98,2283,180
pobmun98,2284,371
pobmun98,2286,1712
pobmun98,2287,756
pobmun98,2288,295
pobmun98,2289,224
pobmun98,229,19430
pobmun98,2290,69
pobmun98,2292,275
pobmun98,2293,159
pobmun98,2294,193
pobmun98,2295,336
pobmun98,2296,209
pobmun98,2297,92
pobmun98,2299,1062
pobmun98,23,1125
pobmun98,230,1526
pobmun98,2300,330
pobmun98,2301,1683
pobmun98,2303,15880
pobmun98,2304,133
pobmun98,2305,344
pobmun98,2306,52
pobmun98,2307,205
pobmun98,2308,196
pobmun98,2309,388
pobmun98,231,1429
pobmun98,2310,3120
pobmun98,2311,190
pobmun98,2313,108
pobmun98,2314,80
pobmun98,2315,539
pobmun98,2316,1243
pobmun98,2318,365
pobmun98,232,848
pobmun98,2320,170
pobmun98,2321,165
pobmun98,2322,133
pobmun98,2323,289
pobmun98,2325,1270
pobmun98,2326,1805
pobmun98,2327,158
pobmun98,2328,232
pobmun98,2329,576
pobmun98,233,350
pobmun98,2331,4451
pobmun98,2332,532
pobmun98,2333,2153
pobmun98,2336,166
pobmun98,2337,288
pobmun98,2338,120
pobmun98,2339,144
pobmun98,234,307
pobmun98,2340,116
pobmun98,2341,554
pobmun98,2342,119
pobmun98,2343,1121
pobmun98,2344,311
pobmun98,2346,275
pobmun98,2347,614
pobmun98,2348,211
pobmun98,235,356
pobmun98,2350,183
pobmun98,2352,221
pobmun98,2353,135
pobmun98,2354,729
pobmun98,2356,139
pobmun98,2357,2036
pobmun98,2359,24893
pobmun98,236,4159
pobmun98,2360,234
pobmun98,2362,1375
pobmun98,2365,46
pobmun98,2366,97
pobmun98,2367,121
pobmun98,2368,270
pobmun98,2369,365
pobmun98,237,595
pobmun98,2372,628
pobmun98,2373,219
pobmun98,2374,896
pobmun98,2376,107
pobmun98,2378,8409
pobmun98,2379,66
pobmun98,238,113
pobmun98,2380,478
pobmun98,2382,133
pobmun98,2384,16247
pobmun98,2385,259
pobmun98,2387,1674
pobmun98,2388,3329
pobmun98,2389,395
pobmun98,239,14
pobmun98,2390,78
pobmun98,2391,22
pobmun98,2392,1003
pobmun98,2393,233
pobmun98,2394,105
pobmun98,2395,78
pobmun98,2397,728
pobmun98,2398,736
pobmun98,24,61
pobmun98,240,499
pobmun98,2401,206
pobmun98,2402,1443
pobmun98,2405,184
pobmun98,2406,292
pobmun98,2407,129
pobmun98,2409,1479
pobmun98,241,1199
pobmun98,2411,137
pobmun98,2412,753
pobmun98,2413,390
pobmun98,2414,48
pobmun98,2416,980
pobmun98,2418,554
pobmun98,2419,70
pobmun98,242,1160
pobmun98,2420,101
pobmun98,2421,107
pobmun98,2423,450
pobmun98,2424,991
pobmun98,2426,104
pobmun98,2428,673
pobmun98,2429,133
pobmun98,243,112
pobmun98,2430,3896
pobmun98,2432,134
pobmun98,2433,38
pobmun98,2434,162
pobmun98,2435,504
pobmun98,2436,56
pobmun98,2437,486
pobmun98,2439,196
pobmun98,244,19
pobmun98,2440,981
pobmun98,2441,60
pobmun98,2442,263
pobmun98,2444,62562
pobmun98,2445,431
pobmun98,2447,79
pobmun98,2448,129
pobmun98,2449,73
pobmun98,245,1011
pobmun98,2451,384
pobmun98,2452,398
pobmun98,2453,467
pobmun98,2454,489
pobmun98,2455,181
pobmun98,2457,415
pobmun98,2458,618
pobmun98,246,386
pobmun98,2460,1182
pobmun98,2461,68
pobmun98,2463,913
pobmun98,2464,1914
pobmun98,2465,336
pobmun98,2466,134
pobmun98,2467,116
pobmun98,2468,85
pobmun98,247,1268
pobmun98,2470,443
pobmun98,2471,721
pobmun98,2472,141
pobmun98,2473,33
pobmun98,2474,610
pobmun98,2476,1311
pobmun98,2477,148
pobmun98,2479,31
pobmun98,248,854
pobmun98,2480,813
pobmun98,2482,4560
pobmun98,2483,1163
pobmun98,2485,64
pobmun98,2487,329
pobmun98,2488,1101
pobmun98,2489,116
pobmun98,249,1273
pobmun98,2490,138
pobmun98,2491,2736
pobmun98,2492,104
pobmun98,2493,484
pobmun98,2495,11843
pobmun98,2496,270
pobmun98,2498,73
pobmun98,2499,43
pobmun98,25,8812
pobmun98,250,1212
pobmun98,2501,427
pobmun98,2502,27
pobmun98,2503,1752
pobmun98,2504,132
pobmun98,2505,332
pobmun98,2506,68
pobmun98,2508,739412
pobmun98,2509,478
pobmun98,251,5383
pobmun98,2510,333
pobmun98,2511,2465
pobmun98,2512,495
pobmun98,2513,10287
pobmun98,2515,2972
pobmun98,2516,749
pobmun98,2518,509
pobmun98,2519,407
pobmun98,252,886
pobmun98,2520,236
pobmun98,2521,530
pobmun98,2524,69
pobmun98,2525,561
pobmun98,2527,162
pobmun98,2528,6998
pobmun98,253,2726
pobmun98,2531,143
pobmun98,2532,447
pobmun98,2533,61
pobmun98,2534,672
pobmun98,2536,101
pobmun98,2537,195
pobmun98,2539,123
pobmun98,254,231
pobmun98,2541,1601
pobmun98,2542,923
pobmun98,2546,278
pobmun98,2547,276
pobmun98,2548,1688
pobmun98,2549,260
pobmun98,255,929
pobmun98,2550,241
pobmun98,2552,285
pobmun98,2554,3649
pobmun98,2555,639
pobmun98,2557,83
pobmun98,2559,595
pobmun98,256,1964
pobmun98,2560,587
pobmun98,2561,51
pobmun98,2562,383
pobmun98,2565,109
pobmun98,2567,5813
pobmun98,2568,91
pobmun98,257,8174
pobmun98,2571,230
pobmun98,2573,7030
pobmun98,2574,4801
pobmun98,2576,120
pobmun98,2577,231
pobmun98,2578,387
pobmun98,258,263
pobmun98,2580,127
pobmun98,2582,301
pobmun98,2583,112
pobmun98,2584,196
pobmun98,2585,493
pobmun98,2587,71
pobmun98,2589,3494
pobmun98,259,185
pobmun98,2590,122
pobmun98,2592,694
pobmun98,2593,40
pobmun98,2595,284
pobmun98,2597,193
pobmun98,2598,57
pobmun98,26,12095
pobmun98,260,163
pobmun98,2600,205
pobmun98,2601,1114
pobmun98,2604,44
pobmun98,2606,2295
pobmun98,2607,50
pobmun98,261,334
pobmun98,2611,321
pobmun98,2613,2013
pobmun98,2614,64
pobmun98,2616,611
pobmun98,2617,1003
pobmun98,2618,1586
pobmun98,262,97
pobmun98,2621,256
pobmun98,2622,203
pobmun98,2623,532
pobmun98,2626,1404
pobmun98,2628,287
pobmun98,2629,226
pobmun98,263,258
pobmun98,2630,863
pobmun98,2632,414
pobmun98,2634,416
pobmun98,2635,31
pobmun98,2638,346
pobmun98,2639,111
pobmun98,264,622
pobmun98,2640,72
pobmun98,2643,329
pobmun98,2644,897
pobmun98,2645,815
pobmun98,2647,206
pobmun98,2649,239
pobmun98,265,1016
pobmun98,2650,67
pobmun98,2652,126
pobmun98,2653,207
pobmun98,2655,47
pobmun98,2656,304
pobmun98,2657,177
pobmun98,2658,36
pobmun98,266,1303
pobmun98,2660,118
pobmun98,2661,548
pobmun98,2663,238
pobmun98,2665,51305
pobmun98,2666,361
pobmun98,2668,125
pobmun98,2669,212
pobmun98,267,101
pobmun98,2671,5363
pobmun98,2672,35
pobmun98,2674,191
pobmun98,2675,95
pobmun98,2676,137
pobmun98,2679,920
pobmun98,268,1050
pobmun98,2680,137
pobmun98,2681,33
pobmun98,2682,663
pobmun98,2685,58
pobmun98,2687,1483
pobmun98,2688,43
pobmun98,269,47
pobmun98,2690,2376
pobmun98,2691,116
pobmun98,2693,49
pobmun98,2695,343
pobmun98,2696,743
pobmun98,2698,345
pobmun98,27,61
pobmun98,270,359
pobmun98,2700,266
pobmun98,2702,84
pobmun98,2704,17600
pobmun98,2705,16
pobmun98,2707,233
pobmun98,2709,213
pobmun98,271,245
pobmun98,2711,95
pobmun98,2712,76
pobmun98,2716,277
pobmun98,2717,794
pobmun98,2719,389
pobmun98,272,1225
pobmun98,2721,151
pobmun98,2722,392
pobmun98,2724,9488
pobmun98,2726,181
pobmun98,2727,141
pobmun98,2729,381
pobmun98,273,1366
pobmun98,2730,59
pobmun98,2732,2376
pobmun98,2735,74
pobmun98,2737,298
pobmun98,2738,432
pobmun98,274,24260
pobmun98,2740,1732
pobmun98,2743,252
pobmun98,2745,75
pobmun98,2747,6265
pobmun98,2748,365
pobmun98,275,108
pobmun98,2750,250
pobmun98,2753,291
pobmun98,2755,64421
pobmun98,2756,25
pobmun98,2758,62
pobmun98,276,240
pobmun98,2761,198
pobmun98,2763,195
pobmun98,2766,275
pobmun98,2769,29
pobmun98,277,263
pobmun98,2770,17
pobmun98,2772,128
pobmun98,2775,217
pobmun98,2777,100
pobmun98,2779,79
pobmun98,278,1757
pobmun98,2781,139
pobmun98,2783,281
pobmun98,2785,4854
pobmun98,2786,72
pobmun98,279,503
pobmun98,2791,260
pobmun98,2794,268
pobmun98,2796,122
pobmun98,2798,165654
pobmun98,2799,66
pobmun98,28,115
pobmun98,280,813
pobmun98,2800,481
pobmun98,2802,141
pobmun98,2803,974
pobmun98,2805,36
pobmun98,2808,292
pobmun98,281,53
pobmun98,2810,16
pobmun98,2812,200
pobmun98,2817,103
pobmun98,2819,4847
pobmun98,282,269
pobmun98,2822,96
pobmun98,2824,5385
pobmun98,2825,326
pobmun98,283,167
pobmun98,2830,5799
pobmun98,2831,73
pobmun98,2833,108
pobmun98,2838,87
pobmun98,284,59
pobmun98,2843,235
pobmun98,2845,9181
pobmun98,2846,14
pobmun98,285,3767
pobmun98,2856,672
pobmun98,2858,12031
pobmun98,2859,45
pobmun98,286,74
pobmun98,2861,2098
pobmun98,2862,384
pobmun98,2869,115
pobmun98,287,1747
pobmun98,2870,127
pobmun98,2875,434
pobmun98,2877,1161
pobmun98,2878,238
pobmun98,288,416
pobmun98,2881,2860
pobmun98,2883,1702
pobmun98,2884,43
pobmun98,2886,123
pobmun98,289,133
pobmun98,2894,116
pobmun98,2896,3216
pobmun98,2897,62
pobmun98,2899,2154
pobmun98,29,25
pobmun98,290,390
pobmun98,2900,1021
pobmun98,2901,526
pobmun98,2908,590
pobmun98,291,24894
pobmun98,2915,149
pobmun98,2917,2084
pobmun98,2918,1447
pobmun98,292,72
pobmun98,2920,188
pobmun98,2922,1046
pobmun98,2925,90
pobmun98,293,6438
pobmun98,2936,708
pobmun98,2938,285
pobmun98,2939,824
pobmun98,294,246
pobmun98,2941,90
pobmun98,2943,1186
pobmun98,2944,36
pobmun98,2946,170
pobmun98,295,916
pobmun98,2954,34
pobmun98,2956,8914
pobmun98,2959,119
pobmun98,296,915
pobmun98,2960,60
pobmun98,2967,614
pobmun98,2969,1127
pobmun98,297,99
pobmun98,2973,603367
pobmun98,2975,154
pobmun98,2976,30
pobmun98,2978,344
pobmun98,298,321
pobmun98,2981,30739
pobmun98,2982,66
pobmun98,2984,113
pobmun98,2989,5404
pobmun98,299,901
pobmun98,2992,285
pobmun98,2994,538
pobmun98,2995,97
pobmun98,30,230
pobmun98,300,164
pobmun98,3006,777
pobmun98,3008,5155
pobmun98,3009,229
pobmun98,301,1504
pobmun98,3013,102
pobmun98,3015,54840
pobmun98,3016,46
pobmun98,3018,361
pobmun98,302,621
pobmun98,3020,10056
pobmun98,3021,58
pobmun98,3023,140
pobmun98,3028,483
pobmun98,303,315
pobmun98,3034,289
pobmun98,3036,304
pobmun98,3037,68
pobmun98,3039,93
pobmun98,304,328
pobmun98,3041,852
pobmun98,3042,141
pobmun98,3044,182
pobmun98,3049,303
pobmun98,305,819
pobmun98,3052,270
pobmun98,3054,28925
pobmun98,3055,237
pobmun98,306,753
pobmun98,3060,168
pobmun98,3065,447
pobmun98,3067,326
pobmun98,3068,36
pobmun98,307,793
pobmun98,3071,277
pobmun98,3073,50244
pobmun98,3074,44
pobmun98,3076,150
pobmun98,308,147
pobmun98,3080,109
pobmun98,3082,96
pobmun98,3089,184
pobmun98,309,2025
pobmun98,3090,58
pobmun98,3093,35
pobmun98,3095,510
pobmun98,31,16207
pobmun98,310,239
pobmun98,3104,178
pobmun98,3107,15
pobmun98,3109,26
pobmun98,311,1476
pobmun98,3111,374
pobmun98,3114,100
pobmun98,3116,82
pobmun98,312,12062
pobmun98,3121,126
pobmun98,3126,391
pobmun98,313,325
pobmun98,3132,738
pobmun98,314,484
pobmun98,3140,61
pobmun98,3142,134
pobmun98,3147,115
pobmun98,315,50
pobmun98,3150,145
pobmun98,3155,146
pobmun98,316,184
pobmun98,3163,1040
pobmun98,3168,179
pobmun98,317,197
pobmun98,3172,301
pobmun98,3174,24
pobmun98,3179,437
pobmun98,318,251
pobmun98,3180,76
pobmun98,3185,267
pobmun98,3188,40
pobmun98,319,2215
pobmun98,3191,322
pobmun98,3198,178
pobmun98,32,100
pobmun98,320,285
pobmun98,3202,124
pobmun98,321,25
pobmun98,3212,54
pobmun98,3214,2299
pobmun98,3219,237
pobmun98,322,528
pobmun98,3224,3002
pobmun98,3227,75
pobmun98,323,213
pobmun98,3230,708
pobmun98,3233,64
pobmun98,3235,102
pobmun98,324,525
pobmun98,3245,577
pobmun98,3248,261
pobmun98,325,524
pobmun98,3251,118
pobmun98,3253,352
pobmun98,3258,145
pobmun98,326,858
pobmun98,3264,169
pobmun98,3266,156
pobmun98,327,5523
pobmun98,3270,562
pobmun98,3272,41
pobmun98,3277,240
pobmun98,328,575
pobmun98,3283,256
pobmun98,3288,118
pobmun98,329,7233
pobmun98,3291,173
pobmun98,3296,49
pobmun98,3299,102
pobmun98,33,26
pobmun98,330,545
pobmun98,3300,466
pobmun98,3303,153
pobmun98,3305,2091
pobmun98,331,82
pobmun98,3310,2005
pobmun98,3317,332
pobmun98,332,530
pobmun98,3322,119
pobmun98,3325,177
pobmun98,3327,107
pobmun98,333,240
pobmun98,3331,195
pobmun98,3338,360
pobmun98,334,69
pobmun98,3343,135
pobmun98,3346,28
pobmun98,3348,71
pobmun98,335,266
pobmun98,3351,47
pobmun98,3356,484
pobmun98,3359,111
pobmun98,336,91
pobmun98,3369,71
pobmun98,337,524
pobmun98,3370,171
pobmun98,3375,196
pobmun98,338,1083
pobmun98,3381,127
pobmun98,3386,171
pobmun98,339,299
pobmun98,3394,464
pobmun98,3399,272
pobmun98,34,1205
pobmun98,340,17334
pobmun98,3403,81
pobmun98,3408,232
pobmun98,341,36
pobmun98,3415,75
pobmun98,342,180
pobmun98,3420,273
pobmun98,343,643
pobmun98,3431,132
pobmun98,3436,53
pobmun98,344,137
pobmun98,3441,296
pobmun98,345,1745
pobmun98,3454,227
pobmun98,3459,200
pobmun98,346,1334
pobmun98,3462,132
pobmun98,3467,312
pobmun98,347,567
pobmun98,3473,472
pobmun98,3478,190
pobmun98,348,1725
pobmun98,3484,209
pobmun98,3489,170
pobmun98,349,102
pobmun98,3492,191
pobmun98,35,380
pobmun98,350,337
pobmun98,3500,725
pobmun98,3505,626
pobmun98,351,7030
pobmun98,3512,477
pobmun98,3517,61
pobmun98,352,117
pobmun98,3522,193
pobmun98,3527,249
pobmun98,353,314
pobmun98,3533,196
pobmun98,3538,137
pobmun98,354,1169
pobmun98,3543,40
pobmun98,3548,2490
pobmun98,355,170
pobmun98,3551,263
pobmun98,3556,173
pobmun98,356,334
pobmun98,3564,109
pobmun98,3569,62
pobmun98,357,1226
pobmun98,3570,409
pobmun98,358,135
pobmun98,3581,313
pobmun98,3586,221
pobmun98,359,103
pobmun98,3599,319
pobmun98,36,605
pobmun98,360,386
pobmun98,3603,356
pobmun98,3608,42
pobmun98,361,820
pobmun98,3610,126
pobmun98,3615,175
pobmun98,362,101
pobmun98,3620,176
pobmun98,3625,2397
pobmun98,363,508
pobmun98,3631,173
pobmun98,3636,1543
pobmun98,364,958
pobmun98,3646,1125
pobmun98,365,732
pobmun98,3654,68
pobmun98,3659,243
pobmun98,366,29418
pobmun98,3662,65
pobmun98,3667,117
pobmun98,367,65
pobmun98,3678,323
pobmun98,368,46
pobmun98,3684,26
pobmun98,3689,40
pobmun98,369,707
pobmun98,3692,632
pobmun98,3697,208
pobmun98,37,198
pobmun98,370,1457
pobmun98,3701,461
pobmun98,371,78
pobmun98,3718,388
pobmun98,372,780
pobmun98,3723,198
pobmun98,3728,155
pobmun98,373,55
pobmun98,3734,765
pobmun98,3739,1132
pobmun98,374,654
pobmun98,3744,1400
pobmun98,3749,106
pobmun98,375,277
pobmun98,3752,51
pobmun98,3757,1015
pobmun98,376,277
pobmun98,3760,3159
pobmun98,377,2320
pobmun98,3771,676
pobmun98,3776,363
pobmun98,378,245
pobmun98,3782,161
pobmun98,3787,51
pobmun98,379,10576
pobmun98,3795,205
pobmun98,38,144
pobmun98,380,159
pobmun98,3804,130
pobmun98,3809,66
pobmun98,381,164
pobmun98,3811,47
pobmun98,3816,201
pobmun98,382,217
pobmun98,3821,293
pobmun98,3826,52
pobmun98,383,1434
pobmun98,384,2044
pobmun98,3847,416
pobmun98,385,18385
pobmun98,386,311
pobmun98,3863,75
pobmun98,387,2996
pobmun98,3879,144
pobmun98,388,1022
pobmun98,3885,32
pobmun98,389,64
pobmun98,3898,143
pobmun98,39,1232
pobmun98,390,405
pobmun98,3902,826
pobmun98,391,240
pobmun98,3919,563
pobmun98,392,388
pobmun98,3924,74
pobmun98,393,408
pobmun98,394,369
pobmun98,3945,1126
pobmun98,395,279
pobmun98,3958,159
pobmun98,396,296
pobmun98,3961,206
pobmun98,397,725
pobmun98,398,118
pobmun98,3983,102
pobmun98,399,2574
pobmun98,40,1677
pobmun98,400,909
pobmun98,4000,460
pobmun98,401,116
pobmun98,402,411
pobmun98,403,1533
pobmun98,4038,153
pobmun98,404,3442
pobmun98,405,1177
pobmun98,4056,212
pobmun98,406,971
pobmun98,4069,125
pobmun98,407,223
pobmun98,4075,33
pobmun98,408,172
pobmun98,4081,73
pobmun98,409,89
pobmun98,4094,122
pobmun98,41,609
pobmun98,410,397
pobmun98,4108,3338
pobmun98,411,1291
pobmun98,4115,222
pobmun98,412,811
pobmun98,4120,1111
pobmun98,413,50
pobmun98,4136,759
pobmun98,414,69
pobmun98,4141,251
pobmun98,415,538
pobmun98,4154,371
pobmun98,416,247
pobmun98,4167,76
pobmun98,417,2671
pobmun98,4173,62
pobmun98,418,34
pobmun98,4189,108
pobmun98,419,326
pobmun98,4192,125
pobmun98,42,716
pobmun98,420,352
pobmun98,421,90
pobmun98,4213,345
pobmun98,422,229
pobmun98,4228,47
pobmun98,423,30
pobmun98,4234,42
pobmun98,424,1088
pobmun98,4249,72
pobmun98,425,3953
pobmun98,4252,789
pobmun98,426,4230
pobmun98,427,1463
pobmun98,4271,2050
pobmun98,428,49
pobmun98,4287,184
pobmun98,429,196
pobmun98,4290,61
pobmun98,43,7711
pobmun98,430,1945
pobmun98,4304,32
pobmun98,431,193
pobmun98,4311,205
pobmun98,432,2327
pobmun98,4326,311
pobmun98,433,3808
pobmun98,4332,77
pobmun98,434,5042
pobmun98,4347,707
pobmun98,435,156
pobmun98,436,428
pobmun98,437,464
pobmun98,4379,425
pobmun98,438,1001
pobmun98,4385,559
pobmun98,439,329
pobmun98,4398,679
pobmun98,44,2204
pobmun98,440,145
pobmun98,4402,136
pobmun98,441,102
pobmun98,4419,85
pobmun98,442,304
pobmun98,4424,502
pobmun98,443,3466
pobmun98,4430,266
pobmun98,444,308
pobmun98,4445,116
pobmun98,445,5029
pobmun98,4458,83
pobmun98,446,5501
pobmun98,4461,28
pobmun98,447,214
pobmun98,4477,42
pobmun98,448,82974
pobmun98,4483,336
pobmun98,449,92
pobmun98,4496,122
pobmun98,45,785
pobmun98,450,156
pobmun98,4509,23
pobmun98,451,5870
pobmun98,4516,310
pobmun98,452,488
pobmun98,453,441
pobmun98,454,3364
pobmun98,4542,73
pobmun98,455,1097
pobmun98,4555,72
pobmun98,456,1161
pobmun98,4568,192
pobmun98,457,1625
pobmun98,458,193
pobmun98,4580,167
pobmun98,459,1612
pobmun98,46,370
pobmun98,460,302
pobmun98,4607,266
pobmun98,461,107
pobmun98,462,1180
pobmun98,463,131
pobmun98,4635,301
pobmun98,464,15485
pobmun98,4640,78
pobmun98,465,75
pobmun98,466,107
pobmun98,4666,201
pobmun98,467,436
pobmun98,4672,134
pobmun98,468,207
pobmun98,469,2789
pobmun98,47,3399
pobmun98,470,131
pobmun98,471,2031
pobmun98,4712,135
pobmun98,472,332
pobmun98,4727,95
pobmun98,473,165
pobmun98,4733,135
pobmun98,474,271
pobmun98,475,1227
pobmun98,476,51
pobmun98,4764,52
pobmun98,477,5135
pobmun98,478,674
pobmun98,4786,67
pobmun98,479,93
pobmun98,48,622
pobmun98,480,275
pobmun98,4803,154
pobmun98,481,457
pobmun98,482,41
pobmun98,4825,62
pobmun98,483,1070
pobmun98,4831,246
pobmun98,484,3760
pobmun98,485,49
pobmun98,4859,87
pobmun98,486,517
pobmun98,487,137
pobmun98,488,106
pobmun98,489,166
pobmun98,49,214
pobmun98,490,226
pobmun98,491,1232
pobmun98,492,1367
pobmun98,493,156
pobmun98,494,406
pobmun98,495,8257
pobmun98,496,865
pobmun98,497,391
pobmun98,498,59
pobmun98,499,615
pobmun98,50,32667
pobmun98,500,157
pobmun98,501,776
pobmun98,502,273
pobmun98,503,44
pobmun98,504,4016
pobmun98,505,851
pobmun98,506,2772
pobmun98,507,328
pobmun98,508,135
pobmun98,509,1565
pobmun98,51,84
pobmun98,510,40
pobmun98,511,3531
pobmun98,512,2122
pobmun98,513,379
pobmun98,514,1746
pobmun98,515,1261
pobmun98,516,4849
pobmun98,517,9151
pobmun98,518,57
pobmun98,519,296
pobmun98,52,222
pobmun98,520,135
pobmun98,521,1218
pobmun98,522,650
pobmun98,523,135
pobmun98,524,1552
pobmun98,525,22
pobmun98,526,87
pobmun98,527,346
pobmun98,528,2725
pobmun98,529,1185
pobmun98,53,721
pobmun98,530,919
pobmun98,531,44
pobmun98,532,142
pobmun98,533,1213
pobmun98,534,154
pobmun98,535,10081
pobmun98,536,1006
pobmun98,537,214
pobmun98,538,651
pobmun98,539,177
pobmun98,54,332
pobmun98,540,5744
pobmun98,541,98
pobmun98,542,3665
pobmun98,543,13771
pobmun98,544,208
pobmun98,545,27308
pobmun98,546,15
pobmun98,547,171
pobmun98,548,1186
pobmun98,549,971
pobmun98,55,267
pobmun98,550,124
pobmun98,551,177
pobmun98,552,272
pobmun98,553,1276
pobmun98,554,3999
pobmun98,555,2461
pobmun98,556,1170
pobmun98,557,54
pobmun98,558,2466
pobmun98,559,268
pobmun98,56,3664
pobmun98,560,69
pobmun98,561,877
pobmun98,562,32
pobmun98,563,817
pobmun98,564,402
pobmun98,565,141
pobmun98,566,1023
pobmun98,567,471
pobmun98,568,1276
pobmun98,569,240
pobmun98,57,25925
pobmun98,570,192
pobmun98,571,272
pobmun98,572,271
pobmun98,573,2022
pobmun98,574,56
pobmun98,575,489
pobmun98,576,2002
pobmun98,577,7466
pobmun98,578,337
pobmun98,579,56
pobmun98,58,59
pobmun98,580,119
pobmun98,581,1966
pobmun98,582,504
pobmun98,583,1079
pobmun98,584,211
pobmun98,585,174
pobmun98,586,484
pobmun98,587,303
pobmun98,588,509
pobmun98,589,106
pobmun98,59,92
pobmun98,590,126
pobmun98,591,2069
pobmun98,592,1018
pobmun98,593,263
pobmun98,594,1634
pobmun98,595,143
pobmun98,596,476
pobmun98,597,32
pobmun98,598,726
pobmun98,599,147
pobmun98,60,5782
pobmun98,600,4692
pobmun98,601,53
pobmun98,602,65
pobmun98,603,1181
pobmun98,604,390
pobmun98,605,198
pobmun98,606,253
pobmun98,607,4316
pobmun98,608,12120
pobmun98,609,142
pobmun98,61,33
pobmun98,610,164
pobmun98,611,436
pobmun98,612,2072
pobmun98,613,327
pobmun98,614,67
pobmun98,615,157
pobmun98,616,111
pobmun98,617,582
pobmun98,618,336
pobmun98,619,110
pobmun98,62,270
pobmun98,620,5439
pobmun98,621,58
pobmun98,622,322
pobmun98,623,79
pobmun98,624,61
pobmun98,625,222
pobmun98,626,297
pobmun98,627,1452
pobmun98,628,1493
pobmun98,629,347
pobmun98,63,174
pobmun98,630,128
pobmun98,631,501
pobmun98,632,145
pobmun98,633,645
pobmun98,634,114
pobmun98,635,734
pobmun98,636,1760
pobmun98,637,9059
pobmun98,638,341
pobmun98,639,103
pobmun98,64,470
pobmun98,640,2646
pobmun98,641,551
pobmun98,642,348
pobmun98,643,476
pobmun98,644,100
pobmun98,645,128
pobmun98,646,727
pobmun98,647,47
pobmun98,648,3800
pobmun98,649,517
pobmun98,65,217
pobmun98,650,1301
pobmun98,651,433
pobmun98,652,99
pobmun98,653,533
pobmun98,654,1578
pobmun98,655,738
pobmun98,656,4150
pobmun98,657,44
pobmun98,658,109
pobmun98,659,1686
pobmun98,66,231
pobmun98,660,5280
pobmun98,661,183
pobmun98,662,632
pobmun98,663,951
pobmun98,664,7594
pobmun98,665,1367
pobmun98,666,154
pobmun98,667,1035
pobmun98,668,46664
pobmun98,669,381
pobmun98,67,1893
pobmun98,670,3086
pobmun98,671,16569
pobmun98,672,829
pobmun98,673,1695
pobmun98,674,794
pobmun98,675,1387
pobmun98,676,3137
pobmun98,677,104
pobmun98,678,544
pobmun98,679,311
pobmun98,68,1236
pobmun98,680,45
pobmun98,681,1783
pobmun98,682,153
pobmun98,683,870
pobmun98,684,690
pobmun98,685,67
pobmun98,686,158
pobmun98,687,2719
pobmun98,688,732
pobmun98,689,298
pobmun98,69,795
pobmun98,690,95
pobmun98,691,218
pobmun98,692,191
pobmun98,693,109
pobmun98,694,13216
pobmun98,695,2051
pobmun98,696,420
pobmun98,697,571
pobmun98,698,154
pobmun98,699,1835
pobmun98,70,286
pobmun98,700,105
pobmun98,701,1084
pobmun98,702,45
pobmun98,703,1593
pobmun98,704,99
pobmun98,705,298
pobmun98,706,12376
pobmun98,707,136
pobmun98,708,643
pobmun98,709,80
pobmun98,71,484
pobmun98,710,2423
pobmun98,711,200
pobmun98,712,1245
pobmun98,713,696
pobmun98,714,72
pobmun98,715,6123
pobmun98,716,261
pobmun98,717,744
pobmun98,718,1191
pobmun98,719,473
pobmun98,72,1364
pobmun98,720,1018
pobmun98,721,2745
pobmun98,722,321
pobmun98,723,5009
pobmun98,724,276
pobmun98,725,728
pobmun98,726,241
pobmun98,727,129
pobmun98,728,4586
pobmun98,729,76
pobmun98,73,798
pobmun98,730,217
pobmun98,731,435
pobmun98,732,2893
pobmun98,733,119
pobmun98,734,1432
pobmun98,735,589
pobmun98,736,10114
pobmun98,737,106
pobmun98,738,174
pobmun98,739,1887
pobmun98,74,59
pobmun98,740,381
pobmun98,741,3882
pobmun98,742,3793
pobmun98,743,544
pobmun98,744,1603
pobmun98,745,151
pobmun98,746,482
pobmun98,747,7750
pobmun98,748,1460
pobmun98,749,2355
pobmun98,75,685
pobmun98,750,122
pobmun98,751,131
pobmun98,752,216
pobmun98,753,227
pobmun98,754,1922
pobmun98,755,141
pobmun98,756,422
pobmun98,757,224
pobmun98,758,6125
pobmun98,759,105
pobmun98,76,11239
pobmun98,760,434
pobmun98,761,14915
pobmun98,762,395
pobmun98,763,143
pobmun98,764,610
pobmun98,765,836
pobmun98,766,6044
pobmun98,767,330
pobmun98,768,394
pobmun98,769,2953
pobmun98,77,101
pobmun98,770,711
pobmun98,771,9358
pobmun98,772,216
pobmun98,773,3286
pobmun98,774,931
pobmun98,775,84
pobmun98,776,287
pobmun98,777,473
pobmun98,778,416
pobmun98,779,341
pobmun98,78,394
pobmun98,780,1473
pobmun98,781,99
pobmun98,782,292
pobmun98,783,262
pobmun98,784,1683
pobmun98,785,409
pobmun98,786,927
pobmun98,787,34426
pobmun98,788,250
pobmun98,789,53498
pobmun98,79,229
pobmun98,790,434
pobmun98,791,242
pobmun98,792,452
pobmun98,793,43
pobmun98,794,877
pobmun98,795,160
pobmun98,796,104
pobmun98,797,459
pobmun98,798,354
pobmun98,799,421
pobmun98,80,5552
pobmun98,800,71
pobmun98,801,4
pobmun98,802,6
pobmun98,803,256
pobmun98,804,1379
pobmun98,805,75
pobmun98,806,12673
pobmun98,807,262
pobmun98,808,352
pobmun98,809,1064
pobmun98,81,382
pobmun98,810,451
pobmun98,811,12857
pobmun98,812,227
pobmun98,813,2053
pobmun98,814,234
pobmun98,815,36
pobmun98,816,1858
pobmun98,817,77
pobmun98,818,9930
pobmun98,819,736
pobmun98,82,3492
pobmun98,820,70
pobmun98,821,608
pobmun98,822,1001
pobmun98,823,1891
pobmun98,824,135
pobmun98,825,524
pobmun98,826,2244
pobmun98,827,198
pobmun98,828,48962
pobmun98,829,15
pobmun98,83,94
pobmun98,830,130
pobmun98,831,147
pobmun98,832,20722
pobmun98,833,155
pobmun98,834,8778
pobmun98,835,51
pobmun98,836,357
pobmun98,837,88
pobmun98,838,94
pobmun98,839,277
pobmun98,84,644
pobmun98,840,54
pobmun98,841,134
pobmun98,842,428
pobmun98,843,1720
pobmun98,844,2885
pobmun98,845,99
pobmun98,846,806
pobmun98,847,2034
pobmun98,848,118
pobmun98,849,33732
pobmun98,85,92
pobmun98,850,14056
pobmun98,851,179
pobmun98,852,9815
pobmun98,853,366
pobmun98,854,106
pobmun98,855,1379
pobmun98,856,20023
pobmun98,857,1116
pobmun98,858,282
pobmun98,859,277
pobmun98,86,2379
pobmun98,860,512
pobmun98,861,290
pobmun98,862,5901
pobmun98,863,78
pobmun98,864,979
pobmun98,865,2271
pobmun98,866,82
pobmun98,867,631
pobmun98,868,174
pobmun98,869,5001
pobmun98,87,683
pobmun98,870,198
pobmun98,871,530
pobmun98,872,52
pobmun98,873,133
pobmun98,874,898
pobmun98,875,471
pobmun98,876,10461
pobmun98,877,56
pobmun98,878,498
pobmun98,879,163
pobmun98,88,26
pobmun98,880,104
pobmun98,881,187
pobmun98,882,1122
pobmun98,883,422
pobmun98,884,1424
pobmun98,885,300
pobmun98,886,453
pobmun98,887,163
pobmun98,888,145
pobmun98,889,66
pobmun98,89,183
pobmun98,890,2825
pobmun98,891,59
pobmun98,892,56
pobmun98,893,2158
pobmun98,894,307
pobmun98,895,1827
pobmun98,896,1746
pobmun98,897,158
pobmun98,898,2316
pobmun98,899,339
pobmun98,90,514
pobmun98,900,242
pobmun98,901,404
pobmun98,9010,333
pobmun98,9011,4666
pobmun98,9012,10306
pobmun98,9013,6179
pobmun98,9014,1284
pobmun98,9015,1717
pobmun98,9016,791
pobmun98,9017,200
pobmun98,9018,10164
pobmun98,9019,20182
pobmun98,902,2052
pobmun98,9020,228
pobmun98,9021,241
pobmun98,9022,6053
pobmun98,9023,3323
pobmun98,9024,502
pobmun98,9025,202
pobmun98,9026,23207
pobmun98,9027,6134
pobmun98,9028,4322
pobmun98,9029,17750
pobmun98,903,122
pobmun98,9030,2142
pobmun98,9031,158
pobmun98,9032,1661
pobmun98,9033,4060
pobmun98,9035,3201
pobmun98,9036,347
pobmun98,9037,903
pobmun98,9038,7625
pobmun98,9039,2944
pobmun98,904,7106
pobmun98,9040,84
pobmun98,9041,482
pobmun98,9042,1108
pobmun98,9043,1204
pobmun98,9044,3533
pobmun98,9045,1974
pobmun98,9046,268
pobmun98,9047,3694
pobmun98,9048,4640
pobmun98,905,164
pobmun98,9050,2953
pobmun98,9051,523
pobmun98,9053,150
pobmun98,9054,595
pobmun98,9055,360
pobmun98,9056,7906
pobmun98,9057,11499
pobmun98,9058,2431
pobmun98,9059,219
pobmun98,906,80
pobmun98,9060,1701
pobmun98,9061,1260
pobmun98,9062,296
pobmun98,9063,979
pobmun98,9064,1245
pobmun98,9066,97
pobmun98,9067,127
pobmun98,9068,210
pobmun98,9069,1361
pobmun98,907,284
pobmun98,9070,601
pobmun98,9072,148
pobmun98,9074,1557
pobmun98,9075,2417
pobmun98,9077,9397
pobmun98,9078,660
pobmun98,9079,357
pobmun98,908,2443
pobmun98,9080,268
pobmun98,9081,1010
pobmun98,9083,838
pobmun98,9084,307
pobmun98,9085,221
pobmun98,9086,691
pobmun98,9089,288
pobmun98,909,453
pobmun98,9092,958
pobmun98,9093,480
pobmun98,9094,917
pobmun98,9097,171
pobmun98,9098,236
pobmun98,91,183
pobmun98,910,171
pobmun98,9101,139
pobmun98,9102,4420
pobmun98,9106,131
pobmun98,9108,1253
pobmun98,911,1488
pobmun98,9115,2758
pobmun98,9118,620
pobmun98,9119,401
pobmun98,912,1055
pobmun98,9120,2256
pobmun98,9123,1122
pobmun98,9124,2829
pobmun98,913,173
pobmun98,9130,1170
pobmun98,9136,1215
pobmun98,914,394
pobmun98,9145,390
pobmun98,915,89
pobmun98,916,496
pobmun98,917,101
pobmun98,918,137
pobmun98,919,147
pobmun98,92,837
pobmun98,920,176
pobmun98,921,328
pobmun98,922,390
pobmun98,923,6197
pobmun98,924,536
pobmun98,925,185
pobmun98,926,988
pobmun98,927,102
pobmun98,928,131
pobmun98,929,276
pobmun98,93,160
pobmun98,930,2273
pobmun98,931,116
pobmun98,932,1049
pobmun98,933,76
pobmun98,934,106
pobmun98,935,389
pobmun98,936,1054
pobmun98,937,124
pobmun98,938,126
pobmun98,939,4832
pobmun98,94,1179
pobmun98,940,460
pobmun98,941,240
pobmun98,942,493
pobmun98,943,2309
pobmun98,944,2703
pobmun98,945,20463
pobmun98,946,360
pobmun98,947,3940
pobmun98,948,362
pobmun98,949,173
pobmun98,95,3516
pobmun98,950,2944
pobmun98,951,588
pobmun98,952,172
pobmun98,953,391
pobmun98,954,31
pobmun98,955,988
pobmun98,956,14734
pobmun98,957,2293
pobmun98,958,812
pobmun98,959,664
pobmun98,96,57
pobmun98,960,169
pobmun98,961,293
pobmun98,962,1255
pobmun98,963,7582
pobmun98,964,518
pobmun98,965,224
pobmun98,966,277
pobmun98,967,200
pobmun98,968,1210
pobmun98,969,65
pobmun98,97,740
pobmun98,970,22
pobmun98,971,236
pobmun98,972,188
pobmun98,973,450
pobmun98,974,1091
pobmun98,975,3777
pobmun98,976,367
pobmun98,977,990
pobmun98,978,99
pobmun98,979,1614
pobmun98,98,155
pobmun98,980,2978
pobmun98,981,325
pobmun98,982,340
pobmun98,983,3099
pobmun98,984,324
pobmun98,985,329
pobmun98,986,28
pobmun98,987,118
pobmun98,988,373
pobmun98,989,618
pobmun98,99,1041
pobmun98,990,1146
pobmun98,991,175
pobmun98,992,274
pobmun98,993,1984
pobmun98,994,3959
pobmun98,995,418
pobmun98,996,645
pobmun98,997,84
pobmun98,998,73
pobmun98,999,4860
